c,r,m
"<Node id=10541 labels={'Module'} properties={'name': 'module', 'schema': 'FN', 'filename': 'output-code-84', 'schema_version': '0.1.9'}>","<Relationship id=15633 start_node_id=10541 end_node_id=10542 nodes=(10541, 10542) type=Metadata properties={}>","<Node id=10542 labels={'Metadata'} properties={'gromet_version': [''], 'source_language_version': [''], 'variable_definition': [''], 'files': [''], 'source_language': [''], 'global_reference_id': [''], 'data_type': [''], 'name': [''], 'line_end': [28], 'code_file_reference_uid': ['118663c4-f903-346c-8566-3b7d9cab08b5'], 'line_begin': [1], 'metadata_type': [''], 'text_extraction': [''], 'col_begin': [0], 'grounding': [''], 'variable_identifier': [''], 'provenance': ['Provenance { method: Some(""skema_code2fn_program_analysis""), timestamp: Some(""2024-02-01 21:12:15.411131"") }'], 'col_end': [0], 'value': [''], 'metadata_idx': 3}>"
"<Node id=10541 labels={'Module'} properties={'name': 'module', 'schema': 'FN', 'filename': 'output-code-84', 'schema_version': '0.1.9'}>","<Relationship id=15634 start_node_id=10541 end_node_id=10543 nodes=(10541, 10543) type=Contains properties={'index': 1}>","<Node id=10543 labels={'Function'} properties={'name': 'seir_model_id0', 'order_att': 1, 'value': '', 'order_box': 0}>"
"<Node id=10543 labels={'Function'} properties={'name': 'seir_model_id0', 'order_att': 1, 'value': '', 'order_box': 0}>","<Relationship id=15636 start_node_id=10543 end_node_id=10544 nodes=(10543, 10544) type=Port_Of properties={}>","<Node id=10544 labels={'Opo'} properties={'name': 'un-named', 'order_att': 1, 'value': '', 'order_box': 0}>"
"<Node id=10543 labels={'Function'} properties={'name': 'seir_model_id0', 'order_att': 1, 'value': '', 'order_box': 0}>","<Relationship id=15640 start_node_id=10543 end_node_id=10545 nodes=(10543, 10545) type=Port_Of properties={}>","<Node id=10545 labels={'Opi'} properties={'name': 't', 'order_att': 1, 'value': '', 'order_box': 0}>"
"<Node id=10544 labels={'Opo'} properties={'name': 'un-named', 'order_att': 1, 'value': '', 'order_box': 0}>","<Relationship id=15667 start_node_id=10544 end_node_id=10545 nodes=(10544, 10545) type=Wire properties={}>","<Node id=10545 labels={'Opi'} properties={'name': 't', 'order_att': 1, 'value': '', 'order_box': 0}>"
"<Node id=10543 labels={'Function'} properties={'name': 'seir_model_id0', 'order_att': 1, 'value': '', 'order_box': 0}>","<Relationship id=15644 start_node_id=10543 end_node_id=10546 nodes=(10543, 10546) type=Port_Of properties={}>","<Node id=10546 labels={'Opi'} properties={'name': 'y', 'order_att': 1, 'value': '', 'order_box': 0}>"
"<Node id=10552 labels={'Opi'} properties={'name': 'un-named', 'order_att': 2, 'value': '', 'order_box': 0}>","<Relationship id=15785 start_node_id=10552 end_node_id=10546 nodes=(10552, 10546) type=Wire properties={}>","<Node id=10546 labels={'Opi'} properties={'name': 'y', 'order_att': 1, 'value': '', 'order_box': 0}>"
"<Node id=10543 labels={'Function'} properties={'name': 'seir_model_id0', 'order_att': 1, 'value': '', 'order_box': 0}>","<Relationship id=15649 start_node_id=10543 end_node_id=10547 nodes=(10543, 10547) type=Port_Of properties={}>","<Node id=10547 labels={'Opi'} properties={'name': 'beta', 'order_att': 1, 'value': '', 'order_box': 0}>"
"<Node id=10565 labels={'Opi'} properties={'name': 'un-named', 'order_att': 4, 'value': '', 'order_box': 0}>","<Relationship id=15698 start_node_id=10565 end_node_id=10547 nodes=(10565, 10547) type=Wire properties={}>","<Node id=10547 labels={'Opi'} properties={'name': 'beta', 'order_att': 1, 'value': '', 'order_box': 0}>"
"<Node id=10575 labels={'Opi'} properties={'name': 'un-named', 'order_att': 5, 'value': '', 'order_box': 0}>","<Relationship id=15724 start_node_id=10575 end_node_id=10547 nodes=(10575, 10547) type=Wire properties={}>","<Node id=10547 labels={'Opi'} properties={'name': 'beta', 'order_att': 1, 'value': '', 'order_box': 0}>"
"<Node id=10543 labels={'Function'} properties={'name': 'seir_model_id0', 'order_att': 1, 'value': '', 'order_box': 0}>","<Relationship id=15652 start_node_id=10543 end_node_id=10548 nodes=(10543, 10548) type=Port_Of properties={}>","<Node id=10548 labels={'Opi'} properties={'name': 'sigma', 'order_att': 1, 'value': '', 'order_box': 0}>"
"<Node id=10579 labels={'Opi'} properties={'name': 'un-named', 'order_att': 5, 'value': '', 'order_box': 0}>","<Relationship id=15728 start_node_id=10579 end_node_id=10548 nodes=(10579, 10548) type=Wire properties={}>","<Node id=10548 labels={'Opi'} properties={'name': 'sigma', 'order_att': 1, 'value': '', 'order_box': 0}>"
"<Node id=10588 labels={'Opi'} properties={'name': 'un-named', 'order_att': 6, 'value': '', 'order_box': 0}>","<Relationship id=15754 start_node_id=10588 end_node_id=10548 nodes=(10588, 10548) type=Wire properties={}>","<Node id=10548 labels={'Opi'} properties={'name': 'sigma', 'order_att': 1, 'value': '', 'order_box': 0}>"
"<Node id=10543 labels={'Function'} properties={'name': 'seir_model_id0', 'order_att': 1, 'value': '', 'order_box': 0}>","<Relationship id=15657 start_node_id=10543 end_node_id=10549 nodes=(10543, 10549) type=Port_Of properties={}>","<Node id=10549 labels={'Opi'} properties={'name': 'gamma', 'order_att': 1, 'value': '', 'order_box': 0}>"
"<Node id=10590 labels={'Opi'} properties={'name': 'un-named', 'order_att': 6, 'value': '', 'order_box': 0}>","<Relationship id=15756 start_node_id=10590 end_node_id=10549 nodes=(10590, 10549) type=Wire properties={}>","<Node id=10549 labels={'Opi'} properties={'name': 'gamma', 'order_att': 1, 'value': '', 'order_box': 0}>"
"<Node id=10597 labels={'Opi'} properties={'name': 'un-named', 'order_att': 7, 'value': '', 'order_box': 0}>","<Relationship id=15774 start_node_id=10597 end_node_id=10549 nodes=(10597, 10549) type=Wire properties={}>","<Node id=10549 labels={'Opi'} properties={'name': 'gamma', 'order_att': 1, 'value': '', 'order_box': 0}>"
"<Node id=10543 labels={'Function'} properties={'name': 'seir_model_id0', 'order_att': 1, 'value': '', 'order_box': 0}>","<Relationship id=15661 start_node_id=10543 end_node_id=10550 nodes=(10543, 10550) type=Contains properties={'index': 2}>","<Node id=10550 labels={'Expression'} properties={'name': 'Expression7', 'order_att': 2, 'value': '', 'order_box': 0}>"
"<Node id=10553 labels={'Abstract'} properties={'name': 'unpack', 'order_att': 1, 'value': {'gromet_type': 'Abstract', 'value': ['S', 'E', 'I', 'R'], 'value_type': 'List'}, 'order_box': 0}>","<Relationship id=15669 start_node_id=10553 end_node_id=10551 nodes=(10553, 10551) type=Wire properties={'index': 0}>","<Node id=10551 labels={'Opo'} properties={'name': 'un-named', 'order_att': 2, 'value': '', 'order_box': 0}>"
"<Node id=10550 labels={'Expression'} properties={'name': 'Expression7', 'order_att': 2, 'value': '', 'order_box': 0}>","<Relationship id=15764 start_node_id=10550 end_node_id=10551 nodes=(10550, 10551) type=Port_Of properties={}>","<Node id=10551 labels={'Opo'} properties={'name': 'un-named', 'order_att': 2, 'value': '', 'order_box': 0}>"
"<Node id=10550 labels={'Expression'} properties={'name': 'Expression7', 'order_att': 2, 'value': '', 'order_box': 0}>","<Relationship id=15765 start_node_id=10550 end_node_id=10552 nodes=(10550, 10552) type=Port_Of properties={}>","<Node id=10552 labels={'Opi'} properties={'name': 'un-named', 'order_att': 2, 'value': '', 'order_box': 0}>"
"<Node id=10551 labels={'Opo'} properties={'name': 'un-named', 'order_att': 2, 'value': '', 'order_box': 0}>","<Relationship id=15779 start_node_id=10551 end_node_id=10552 nodes=(10551, 10552) type=Wire properties={}>","<Node id=10552 labels={'Opi'} properties={'name': 'un-named', 'order_att': 2, 'value': '', 'order_box': 0}>"
"<Node id=10543 labels={'Function'} properties={'name': 'seir_model_id0', 'order_att': 1, 'value': '', 'order_box': 0}>","<Relationship id=15637 start_node_id=10543 end_node_id=10553 nodes=(10543, 10553) type=Contains properties={}>","<Node id=10553 labels={'Abstract'} properties={'name': 'unpack', 'order_att': 1, 'value': {'gromet_type': 'Abstract', 'value': ['S', 'E', 'I', 'R'], 'value_type': 'List'}, 'order_box': 0}>"
"<Node id=10556 labels={'Opi'} properties={'name': 'S', 'order_att': 3, 'value': '', 'order_box': 0}>","<Relationship id=15677 start_node_id=10556 end_node_id=10553 nodes=(10556, 10553) type=Wire properties={}>","<Node id=10553 labels={'Abstract'} properties={'name': 'unpack', 'order_att': 1, 'value': {'gromet_type': 'Abstract', 'value': ['S', 'E', 'I', 'R'], 'value_type': 'List'}, 'order_box': 0}>"
"<Node id=10557 labels={'Opi'} properties={'name': 'E', 'order_att': 3, 'value': '', 'order_box': 0}>","<Relationship id=15678 start_node_id=10557 end_node_id=10553 nodes=(10557, 10553) type=Wire properties={}>","<Node id=10553 labels={'Abstract'} properties={'name': 'unpack', 'order_att': 1, 'value': {'gromet_type': 'Abstract', 'value': ['S', 'E', 'I', 'R'], 'value_type': 'List'}, 'order_box': 0}>"
"<Node id=10558 labels={'Opi'} properties={'name': 'I', 'order_att': 3, 'value': '', 'order_box': 0}>","<Relationship id=15679 start_node_id=10558 end_node_id=10553 nodes=(10558, 10553) type=Wire properties={}>","<Node id=10553 labels={'Abstract'} properties={'name': 'unpack', 'order_att': 1, 'value': {'gromet_type': 'Abstract', 'value': ['S', 'E', 'I', 'R'], 'value_type': 'List'}, 'order_box': 0}>"
"<Node id=10559 labels={'Opi'} properties={'name': 'R', 'order_att': 3, 'value': '', 'order_box': 0}>","<Relationship id=15680 start_node_id=10559 end_node_id=10553 nodes=(10559, 10553) type=Wire properties={}>","<Node id=10553 labels={'Abstract'} properties={'name': 'unpack', 'order_att': 1, 'value': {'gromet_type': 'Abstract', 'value': ['S', 'E', 'I', 'R'], 'value_type': 'List'}, 'order_box': 0}>"
"<Node id=10566 labels={'Opi'} properties={'name': 'S', 'order_att': 4, 'value': '', 'order_box': 0}>","<Relationship id=15699 start_node_id=10566 end_node_id=10553 nodes=(10566, 10553) type=Wire properties={}>","<Node id=10553 labels={'Abstract'} properties={'name': 'unpack', 'order_att': 1, 'value': {'gromet_type': 'Abstract', 'value': ['S', 'E', 'I', 'R'], 'value_type': 'List'}, 'order_box': 0}>"
"<Node id=10567 labels={'Opi'} properties={'name': 'I', 'order_att': 4, 'value': '', 'order_box': 0}>","<Relationship id=15701 start_node_id=10567 end_node_id=10553 nodes=(10567, 10553) type=Wire properties={}>","<Node id=10553 labels={'Abstract'} properties={'name': 'unpack', 'order_att': 1, 'value': {'gromet_type': 'Abstract', 'value': ['S', 'E', 'I', 'R'], 'value_type': 'List'}, 'order_box': 0}>"
"<Node id=10576 labels={'Opi'} properties={'name': 'S', 'order_att': 5, 'value': '', 'order_box': 0}>","<Relationship id=15725 start_node_id=10576 end_node_id=10553 nodes=(10576, 10553) type=Wire properties={}>","<Node id=10553 labels={'Abstract'} properties={'name': 'unpack', 'order_att': 1, 'value': {'gromet_type': 'Abstract', 'value': ['S', 'E', 'I', 'R'], 'value_type': 'List'}, 'order_box': 0}>"
"<Node id=10577 labels={'Opi'} properties={'name': 'I', 'order_att': 5, 'value': '', 'order_box': 0}>","<Relationship id=15726 start_node_id=10577 end_node_id=10553 nodes=(10577, 10553) type=Wire properties={}>","<Node id=10553 labels={'Abstract'} properties={'name': 'unpack', 'order_att': 1, 'value': {'gromet_type': 'Abstract', 'value': ['S', 'E', 'I', 'R'], 'value_type': 'List'}, 'order_box': 0}>"
"<Node id=10580 labels={'Opi'} properties={'name': 'E', 'order_att': 5, 'value': '', 'order_box': 0}>","<Relationship id=15729 start_node_id=10580 end_node_id=10553 nodes=(10580, 10553) type=Wire properties={}>","<Node id=10553 labels={'Abstract'} properties={'name': 'unpack', 'order_att': 1, 'value': {'gromet_type': 'Abstract', 'value': ['S', 'E', 'I', 'R'], 'value_type': 'List'}, 'order_box': 0}>"
"<Node id=10589 labels={'Opi'} properties={'name': 'E', 'order_att': 6, 'value': '', 'order_box': 0}>","<Relationship id=15755 start_node_id=10589 end_node_id=10553 nodes=(10589, 10553) type=Wire properties={}>","<Node id=10553 labels={'Abstract'} properties={'name': 'unpack', 'order_att': 1, 'value': {'gromet_type': 'Abstract', 'value': ['S', 'E', 'I', 'R'], 'value_type': 'List'}, 'order_box': 0}>"
"<Node id=10591 labels={'Opi'} properties={'name': 'I', 'order_att': 6, 'value': '', 'order_box': 0}>","<Relationship id=15757 start_node_id=10591 end_node_id=10553 nodes=(10591, 10553) type=Wire properties={}>","<Node id=10553 labels={'Abstract'} properties={'name': 'unpack', 'order_att': 1, 'value': {'gromet_type': 'Abstract', 'value': ['S', 'E', 'I', 'R'], 'value_type': 'List'}, 'order_box': 0}>"
"<Node id=10598 labels={'Opi'} properties={'name': 'I', 'order_att': 7, 'value': '', 'order_box': 0}>","<Relationship id=15775 start_node_id=10598 end_node_id=10553 nodes=(10598, 10553) type=Wire properties={}>","<Node id=10553 labels={'Abstract'} properties={'name': 'unpack', 'order_att': 1, 'value': {'gromet_type': 'Abstract', 'value': ['S', 'E', 'I', 'R'], 'value_type': 'List'}, 'order_box': 0}>"
"<Node id=10543 labels={'Function'} properties={'name': 'seir_model_id0', 'order_att': 1, 'value': '', 'order_box': 0}>","<Relationship id=15638 start_node_id=10543 end_node_id=10554 nodes=(10543, 10554) type=Contains properties={'index': 3}>","<Node id=10554 labels={'Expression'} properties={'name': 'Expression13', 'order_att': 3, 'value': '', 'order_box': 0}>"
"<Node id=10554 labels={'Expression'} properties={'name': 'Expression13', 'order_att': 3, 'value': '', 'order_box': 0}>","<Relationship id=15671 start_node_id=10554 end_node_id=10555 nodes=(10554, 10555) type=Port_Of properties={}>","<Node id=10555 labels={'Opo'} properties={'name': 'N', 'order_att': 3, 'value': '', 'order_box': 0}>"
"<Node id=10568 labels={'Opi'} properties={'name': 'un-named', 'order_att': 4, 'value': '', 'order_box': 0}>","<Relationship id=15702 start_node_id=10568 end_node_id=10555 nodes=(10568, 10555) type=Wire properties={}>","<Node id=10555 labels={'Opo'} properties={'name': 'N', 'order_att': 3, 'value': '', 'order_box': 0}>"
"<Node id=10578 labels={'Opi'} properties={'name': 'un-named', 'order_att': 5, 'value': '', 'order_box': 0}>","<Relationship id=15727 start_node_id=10578 end_node_id=10555 nodes=(10578, 10555) type=Wire properties={}>","<Node id=10555 labels={'Opo'} properties={'name': 'N', 'order_att': 3, 'value': '', 'order_box': 0}>"
"<Node id=10554 labels={'Expression'} properties={'name': 'Expression13', 'order_att': 3, 'value': '', 'order_box': 0}>","<Relationship id=15672 start_node_id=10554 end_node_id=10556 nodes=(10554, 10556) type=Port_Of properties={}>","<Node id=10556 labels={'Opi'} properties={'name': 'S', 'order_att': 3, 'value': '', 'order_box': 0}>"
"<Node id=10560 labels={'Primitive'} properties={'name': 'ast.Add', 'order_att': 3, 'value': '', 'order_box': 0}>","<Relationship id=15682 start_node_id=10560 end_node_id=10556 nodes=(10560, 10556) type=Wire properties={'index': 0}>","<Node id=10556 labels={'Opi'} properties={'name': 'S', 'order_att': 3, 'value': '', 'order_box': 0}>"
"<Node id=10554 labels={'Expression'} properties={'name': 'Expression13', 'order_att': 3, 'value': '', 'order_box': 0}>","<Relationship id=15673 start_node_id=10554 end_node_id=10557 nodes=(10554, 10557) type=Port_Of properties={}>","<Node id=10557 labels={'Opi'} properties={'name': 'E', 'order_att': 3, 'value': '', 'order_box': 0}>"
"<Node id=10560 labels={'Primitive'} properties={'name': 'ast.Add', 'order_att': 3, 'value': '', 'order_box': 0}>","<Relationship id=15683 start_node_id=10560 end_node_id=10557 nodes=(10560, 10557) type=Wire properties={'index': 1}>","<Node id=10557 labels={'Opi'} properties={'name': 'E', 'order_att': 3, 'value': '', 'order_box': 0}>"
"<Node id=10554 labels={'Expression'} properties={'name': 'Expression13', 'order_att': 3, 'value': '', 'order_box': 0}>","<Relationship id=15674 start_node_id=10554 end_node_id=10558 nodes=(10554, 10558) type=Port_Of properties={}>","<Node id=10558 labels={'Opi'} properties={'name': 'I', 'order_att': 3, 'value': '', 'order_box': 0}>"
"<Node id=10561 labels={'Primitive'} properties={'name': 'ast.Add', 'order_att': 3, 'value': '', 'order_box': 0}>","<Relationship id=15686 start_node_id=10561 end_node_id=10558 nodes=(10561, 10558) type=Wire properties={'index': 1}>","<Node id=10558 labels={'Opi'} properties={'name': 'I', 'order_att': 3, 'value': '', 'order_box': 0}>"
"<Node id=10554 labels={'Expression'} properties={'name': 'Expression13', 'order_att': 3, 'value': '', 'order_box': 0}>","<Relationship id=15675 start_node_id=10554 end_node_id=10559 nodes=(10554, 10559) type=Port_Of properties={}>","<Node id=10559 labels={'Opi'} properties={'name': 'R', 'order_att': 3, 'value': '', 'order_box': 0}>"
"<Node id=10562 labels={'Primitive'} properties={'name': 'ast.Add', 'order_att': 3, 'value': '', 'order_box': 0}>","<Relationship id=15689 start_node_id=10562 end_node_id=10559 nodes=(10562, 10559) type=Wire properties={'index': 1}>","<Node id=10559 labels={'Opi'} properties={'name': 'R', 'order_att': 3, 'value': '', 'order_box': 0}>"
"<Node id=10543 labels={'Function'} properties={'name': 'seir_model_id0', 'order_att': 1, 'value': '', 'order_box': 0}>","<Relationship id=15639 start_node_id=10543 end_node_id=10560 nodes=(10543, 10560) type=Contains properties={}>","<Node id=10560 labels={'Primitive'} properties={'name': 'ast.Add', 'order_att': 3, 'value': '', 'order_box': 0}>"
"<Node id=10561 labels={'Primitive'} properties={'name': 'ast.Add', 'order_att': 3, 'value': '', 'order_box': 0}>","<Relationship id=15687 start_node_id=10561 end_node_id=10560 nodes=(10561, 10560) type=Wire properties={'index': 0}>","<Node id=10560 labels={'Primitive'} properties={'name': 'ast.Add', 'order_att': 3, 'value': '', 'order_box': 0}>"
"<Node id=10543 labels={'Function'} properties={'name': 'seir_model_id0', 'order_att': 1, 'value': '', 'order_box': 0}>","<Relationship id=15641 start_node_id=10543 end_node_id=10561 nodes=(10543, 10561) type=Contains properties={}>","<Node id=10561 labels={'Primitive'} properties={'name': 'ast.Add', 'order_att': 3, 'value': '', 'order_box': 0}>"
"<Node id=10562 labels={'Primitive'} properties={'name': 'ast.Add', 'order_att': 3, 'value': '', 'order_box': 0}>","<Relationship id=15690 start_node_id=10562 end_node_id=10561 nodes=(10562, 10561) type=Wire properties={'index': 0}>","<Node id=10561 labels={'Primitive'} properties={'name': 'ast.Add', 'order_att': 3, 'value': '', 'order_box': 0}>"
"<Node id=10543 labels={'Function'} properties={'name': 'seir_model_id0', 'order_att': 1, 'value': '', 'order_box': 0}>","<Relationship id=15642 start_node_id=10543 end_node_id=10562 nodes=(10543, 10562) type=Contains properties={}>","<Node id=10562 labels={'Primitive'} properties={'name': 'ast.Add', 'order_att': 3, 'value': '', 'order_box': 0}>"
"<Node id=10555 labels={'Opo'} properties={'name': 'N', 'order_att': 3, 'value': '', 'order_box': 0}>","<Relationship id=15676 start_node_id=10555 end_node_id=10562 nodes=(10555, 10562) type=Wire properties={}>","<Node id=10562 labels={'Primitive'} properties={'name': 'ast.Add', 'order_att': 3, 'value': '', 'order_box': 0}>"
"<Node id=10543 labels={'Function'} properties={'name': 'seir_model_id0', 'order_att': 1, 'value': '', 'order_box': 0}>","<Relationship id=15643 start_node_id=10543 end_node_id=10563 nodes=(10543, 10563) type=Contains properties={'index': 4}>","<Node id=10563 labels={'Expression'} properties={'name': 'Expression26', 'order_att': 4, 'value': '', 'order_box': 0}>"
"<Node id=10563 labels={'Expression'} properties={'name': 'Expression26', 'order_att': 4, 'value': '', 'order_box': 0}>","<Relationship id=15692 start_node_id=10563 end_node_id=10564 nodes=(10563, 10564) type=Port_Of properties={}>","<Node id=10564 labels={'Opo'} properties={'name': 'dSdt', 'order_att': 4, 'value': '', 'order_box': 0}>"
"<Node id=10600 labels={'Abstract'} properties={'name': 'pack', 'order_att': 1, 'value': {'gromet_type': 'Abstract', 'value': '[]', 'value_type': 'List'}, 'order_box': 0}>","<Relationship id=15781 start_node_id=10600 end_node_id=10564 nodes=(10600, 10564) type=Wire properties={'index': 0}>","<Node id=10564 labels={'Opo'} properties={'name': 'dSdt', 'order_att': 4, 'value': '', 'order_box': 0}>"
"<Node id=10563 labels={'Expression'} properties={'name': 'Expression26', 'order_att': 4, 'value': '', 'order_box': 0}>","<Relationship id=15693 start_node_id=10563 end_node_id=10565 nodes=(10563, 10565) type=Port_Of properties={}>","<Node id=10565 labels={'Opi'} properties={'name': 'un-named', 'order_att': 4, 'value': '', 'order_box': 0}>"
"<Node id=10569 labels={'Primitive'} properties={'name': 'ast.USub', 'order_att': 4, 'value': '', 'order_box': 0}>","<Relationship id=15704 start_node_id=10569 end_node_id=10565 nodes=(10569, 10565) type=Wire properties={'index': 0}>","<Node id=10565 labels={'Opi'} properties={'name': 'un-named', 'order_att': 4, 'value': '', 'order_box': 0}>"
"<Node id=10563 labels={'Expression'} properties={'name': 'Expression26', 'order_att': 4, 'value': '', 'order_box': 0}>","<Relationship id=15694 start_node_id=10563 end_node_id=10566 nodes=(10563, 10566) type=Port_Of properties={}>","<Node id=10566 labels={'Opi'} properties={'name': 'S', 'order_att': 4, 'value': '', 'order_box': 0}>"
"<Node id=10570 labels={'Primitive'} properties={'name': 'ast.Mult', 'order_att': 4, 'value': '', 'order_box': 0}>","<Relationship id=15706 start_node_id=10570 end_node_id=10566 nodes=(10570, 10566) type=Wire properties={'index': 1}>","<Node id=10566 labels={'Opi'} properties={'name': 'S', 'order_att': 4, 'value': '', 'order_box': 0}>"
"<Node id=10563 labels={'Expression'} properties={'name': 'Expression26', 'order_att': 4, 'value': '', 'order_box': 0}>","<Relationship id=15695 start_node_id=10563 end_node_id=10567 nodes=(10563, 10567) type=Port_Of properties={}>","<Node id=10567 labels={'Opi'} properties={'name': 'I', 'order_att': 4, 'value': '', 'order_box': 0}>"
"<Node id=10571 labels={'Primitive'} properties={'name': 'ast.Mult', 'order_att': 4, 'value': '', 'order_box': 0}>","<Relationship id=15709 start_node_id=10571 end_node_id=10567 nodes=(10571, 10567) type=Wire properties={'index': 1}>","<Node id=10567 labels={'Opi'} properties={'name': 'I', 'order_att': 4, 'value': '', 'order_box': 0}>"
"<Node id=10563 labels={'Expression'} properties={'name': 'Expression26', 'order_att': 4, 'value': '', 'order_box': 0}>","<Relationship id=15696 start_node_id=10563 end_node_id=10568 nodes=(10563, 10568) type=Port_Of properties={}>","<Node id=10568 labels={'Opi'} properties={'name': 'un-named', 'order_att': 4, 'value': '', 'order_box': 0}>"
"<Node id=10572 labels={'Primitive'} properties={'name': 'ast.Div', 'order_att': 4, 'value': '', 'order_box': 0}>","<Relationship id=15712 start_node_id=10572 end_node_id=10568 nodes=(10572, 10568) type=Wire properties={'index': 1}>","<Node id=10568 labels={'Opi'} properties={'name': 'un-named', 'order_att': 4, 'value': '', 'order_box': 0}>"
"<Node id=10543 labels={'Function'} properties={'name': 'seir_model_id0', 'order_att': 1, 'value': '', 'order_box': 0}>","<Relationship id=15645 start_node_id=10543 end_node_id=10569 nodes=(10543, 10569) type=Contains properties={}>","<Node id=10569 labels={'Primitive'} properties={'name': 'ast.USub', 'order_att': 4, 'value': '', 'order_box': 0}>"
"<Node id=10570 labels={'Primitive'} properties={'name': 'ast.Mult', 'order_att': 4, 'value': '', 'order_box': 0}>","<Relationship id=15707 start_node_id=10570 end_node_id=10569 nodes=(10570, 10569) type=Wire properties={'index': 0}>","<Node id=10569 labels={'Primitive'} properties={'name': 'ast.USub', 'order_att': 4, 'value': '', 'order_box': 0}>"
"<Node id=10543 labels={'Function'} properties={'name': 'seir_model_id0', 'order_att': 1, 'value': '', 'order_box': 0}>","<Relationship id=15646 start_node_id=10543 end_node_id=10570 nodes=(10543, 10570) type=Contains properties={}>","<Node id=10570 labels={'Primitive'} properties={'name': 'ast.Mult', 'order_att': 4, 'value': '', 'order_box': 0}>"
"<Node id=10571 labels={'Primitive'} properties={'name': 'ast.Mult', 'order_att': 4, 'value': '', 'order_box': 0}>","<Relationship id=15710 start_node_id=10571 end_node_id=10570 nodes=(10571, 10570) type=Wire properties={'index': 0}>","<Node id=10570 labels={'Primitive'} properties={'name': 'ast.Mult', 'order_att': 4, 'value': '', 'order_box': 0}>"
"<Node id=10543 labels={'Function'} properties={'name': 'seir_model_id0', 'order_att': 1, 'value': '', 'order_box': 0}>","<Relationship id=15647 start_node_id=10543 end_node_id=10571 nodes=(10543, 10571) type=Contains properties={}>","<Node id=10571 labels={'Primitive'} properties={'name': 'ast.Mult', 'order_att': 4, 'value': '', 'order_box': 0}>"
"<Node id=10572 labels={'Primitive'} properties={'name': 'ast.Div', 'order_att': 4, 'value': '', 'order_box': 0}>","<Relationship id=15713 start_node_id=10572 end_node_id=10571 nodes=(10572, 10571) type=Wire properties={'index': 0}>","<Node id=10571 labels={'Primitive'} properties={'name': 'ast.Mult', 'order_att': 4, 'value': '', 'order_box': 0}>"
"<Node id=10543 labels={'Function'} properties={'name': 'seir_model_id0', 'order_att': 1, 'value': '', 'order_box': 0}>","<Relationship id=15648 start_node_id=10543 end_node_id=10572 nodes=(10543, 10572) type=Contains properties={}>","<Node id=10572 labels={'Primitive'} properties={'name': 'ast.Div', 'order_att': 4, 'value': '', 'order_box': 0}>"
"<Node id=10564 labels={'Opo'} properties={'name': 'dSdt', 'order_att': 4, 'value': '', 'order_box': 0}>","<Relationship id=15697 start_node_id=10564 end_node_id=10572 nodes=(10564, 10572) type=Wire properties={}>","<Node id=10572 labels={'Primitive'} properties={'name': 'ast.Div', 'order_att': 4, 'value': '', 'order_box': 0}>"
"<Node id=10543 labels={'Function'} properties={'name': 'seir_model_id0', 'order_att': 1, 'value': '', 'order_box': 0}>","<Relationship id=15650 start_node_id=10543 end_node_id=10573 nodes=(10543, 10573) type=Contains properties={'index': 5}>","<Node id=10573 labels={'Expression'} properties={'name': 'Expression41', 'order_att': 5, 'value': '', 'order_box': 0}>"
"<Node id=10573 labels={'Expression'} properties={'name': 'Expression41', 'order_att': 5, 'value': '', 'order_box': 0}>","<Relationship id=15716 start_node_id=10573 end_node_id=10574 nodes=(10573, 10574) type=Port_Of properties={}>","<Node id=10574 labels={'Opo'} properties={'name': 'dEdt', 'order_att': 5, 'value': '', 'order_box': 0}>"
"<Node id=10600 labels={'Abstract'} properties={'name': 'pack', 'order_att': 1, 'value': {'gromet_type': 'Abstract', 'value': '[]', 'value_type': 'List'}, 'order_box': 0}>","<Relationship id=15782 start_node_id=10600 end_node_id=10574 nodes=(10600, 10574) type=Wire properties={'index': 1}>","<Node id=10574 labels={'Opo'} properties={'name': 'dEdt', 'order_att': 5, 'value': '', 'order_box': 0}>"
"<Node id=10573 labels={'Expression'} properties={'name': 'Expression41', 'order_att': 5, 'value': '', 'order_box': 0}>","<Relationship id=15717 start_node_id=10573 end_node_id=10575 nodes=(10573, 10575) type=Port_Of properties={}>","<Node id=10575 labels={'Opi'} properties={'name': 'un-named', 'order_att': 5, 'value': '', 'order_box': 0}>"
"<Node id=10581 labels={'Primitive'} properties={'name': 'ast.Mult', 'order_att': 5, 'value': '', 'order_box': 0}>","<Relationship id=15731 start_node_id=10581 end_node_id=10575 nodes=(10581, 10575) type=Wire properties={'index': 0}>","<Node id=10575 labels={'Opi'} properties={'name': 'un-named', 'order_att': 5, 'value': '', 'order_box': 0}>"
"<Node id=10573 labels={'Expression'} properties={'name': 'Expression41', 'order_att': 5, 'value': '', 'order_box': 0}>","<Relationship id=15718 start_node_id=10573 end_node_id=10576 nodes=(10573, 10576) type=Port_Of properties={}>","<Node id=10576 labels={'Opi'} properties={'name': 'S', 'order_att': 5, 'value': '', 'order_box': 0}>"
"<Node id=10581 labels={'Primitive'} properties={'name': 'ast.Mult', 'order_att': 5, 'value': '', 'order_box': 0}>","<Relationship id=15732 start_node_id=10581 end_node_id=10576 nodes=(10581, 10576) type=Wire properties={'index': 1}>","<Node id=10576 labels={'Opi'} properties={'name': 'S', 'order_att': 5, 'value': '', 'order_box': 0}>"
"<Node id=10573 labels={'Expression'} properties={'name': 'Expression41', 'order_att': 5, 'value': '', 'order_box': 0}>","<Relationship id=15719 start_node_id=10573 end_node_id=10577 nodes=(10573, 10577) type=Port_Of properties={}>","<Node id=10577 labels={'Opi'} properties={'name': 'I', 'order_att': 5, 'value': '', 'order_box': 0}>"
"<Node id=10582 labels={'Primitive'} properties={'name': 'ast.Mult', 'order_att': 5, 'value': '', 'order_box': 0}>","<Relationship id=15735 start_node_id=10582 end_node_id=10577 nodes=(10582, 10577) type=Wire properties={'index': 1}>","<Node id=10577 labels={'Opi'} properties={'name': 'I', 'order_att': 5, 'value': '', 'order_box': 0}>"
"<Node id=10573 labels={'Expression'} properties={'name': 'Expression41', 'order_att': 5, 'value': '', 'order_box': 0}>","<Relationship id=15720 start_node_id=10573 end_node_id=10578 nodes=(10573, 10578) type=Port_Of properties={}>","<Node id=10578 labels={'Opi'} properties={'name': 'un-named', 'order_att': 5, 'value': '', 'order_box': 0}>"
"<Node id=10583 labels={'Primitive'} properties={'name': 'ast.Div', 'order_att': 5, 'value': '', 'order_box': 0}>","<Relationship id=15738 start_node_id=10583 end_node_id=10578 nodes=(10583, 10578) type=Wire properties={'index': 1}>","<Node id=10578 labels={'Opi'} properties={'name': 'un-named', 'order_att': 5, 'value': '', 'order_box': 0}>"
"<Node id=10573 labels={'Expression'} properties={'name': 'Expression41', 'order_att': 5, 'value': '', 'order_box': 0}>","<Relationship id=15721 start_node_id=10573 end_node_id=10579 nodes=(10573, 10579) type=Port_Of properties={}>","<Node id=10579 labels={'Opi'} properties={'name': 'un-named', 'order_att': 5, 'value': '', 'order_box': 0}>"
"<Node id=10584 labels={'Primitive'} properties={'name': 'ast.Mult', 'order_att': 5, 'value': '', 'order_box': 0}>","<Relationship id=15741 start_node_id=10584 end_node_id=10579 nodes=(10584, 10579) type=Wire properties={'index': 0}>","<Node id=10579 labels={'Opi'} properties={'name': 'un-named', 'order_att': 5, 'value': '', 'order_box': 0}>"
"<Node id=10573 labels={'Expression'} properties={'name': 'Expression41', 'order_att': 5, 'value': '', 'order_box': 0}>","<Relationship id=15722 start_node_id=10573 end_node_id=10580 nodes=(10573, 10580) type=Port_Of properties={}>","<Node id=10580 labels={'Opi'} properties={'name': 'E', 'order_att': 5, 'value': '', 'order_box': 0}>"
"<Node id=10584 labels={'Primitive'} properties={'name': 'ast.Mult', 'order_att': 5, 'value': '', 'order_box': 0}>","<Relationship id=15742 start_node_id=10584 end_node_id=10580 nodes=(10584, 10580) type=Wire properties={'index': 1}>","<Node id=10580 labels={'Opi'} properties={'name': 'E', 'order_att': 5, 'value': '', 'order_box': 0}>"
"<Node id=10543 labels={'Function'} properties={'name': 'seir_model_id0', 'order_att': 1, 'value': '', 'order_box': 0}>","<Relationship id=15651 start_node_id=10543 end_node_id=10581 nodes=(10543, 10581) type=Contains properties={}>","<Node id=10581 labels={'Primitive'} properties={'name': 'ast.Mult', 'order_att': 5, 'value': '', 'order_box': 0}>"
"<Node id=10582 labels={'Primitive'} properties={'name': 'ast.Mult', 'order_att': 5, 'value': '', 'order_box': 0}>","<Relationship id=15736 start_node_id=10582 end_node_id=10581 nodes=(10582, 10581) type=Wire properties={'index': 0}>","<Node id=10581 labels={'Primitive'} properties={'name': 'ast.Mult', 'order_att': 5, 'value': '', 'order_box': 0}>"
"<Node id=10543 labels={'Function'} properties={'name': 'seir_model_id0', 'order_att': 1, 'value': '', 'order_box': 0}>","<Relationship id=15653 start_node_id=10543 end_node_id=10582 nodes=(10543, 10582) type=Contains properties={}>","<Node id=10582 labels={'Primitive'} properties={'name': 'ast.Mult', 'order_att': 5, 'value': '', 'order_box': 0}>"
"<Node id=10583 labels={'Primitive'} properties={'name': 'ast.Div', 'order_att': 5, 'value': '', 'order_box': 0}>","<Relationship id=15739 start_node_id=10583 end_node_id=10582 nodes=(10583, 10582) type=Wire properties={'index': 0}>","<Node id=10582 labels={'Primitive'} properties={'name': 'ast.Mult', 'order_att': 5, 'value': '', 'order_box': 0}>"
"<Node id=10543 labels={'Function'} properties={'name': 'seir_model_id0', 'order_att': 1, 'value': '', 'order_box': 0}>","<Relationship id=15654 start_node_id=10543 end_node_id=10583 nodes=(10543, 10583) type=Contains properties={}>","<Node id=10583 labels={'Primitive'} properties={'name': 'ast.Div', 'order_att': 5, 'value': '', 'order_box': 0}>"
"<Node id=10585 labels={'Primitive'} properties={'name': 'ast.Sub', 'order_att': 5, 'value': '', 'order_box': 0}>","<Relationship id=15744 start_node_id=10585 end_node_id=10583 nodes=(10585, 10583) type=Wire properties={'index': 0}>","<Node id=10583 labels={'Primitive'} properties={'name': 'ast.Div', 'order_att': 5, 'value': '', 'order_box': 0}>"
"<Node id=10543 labels={'Function'} properties={'name': 'seir_model_id0', 'order_att': 1, 'value': '', 'order_box': 0}>","<Relationship id=15655 start_node_id=10543 end_node_id=10584 nodes=(10543, 10584) type=Contains properties={}>","<Node id=10584 labels={'Primitive'} properties={'name': 'ast.Mult', 'order_att': 5, 'value': '', 'order_box': 0}>"
"<Node id=10585 labels={'Primitive'} properties={'name': 'ast.Sub', 'order_att': 5, 'value': '', 'order_box': 0}>","<Relationship id=15745 start_node_id=10585 end_node_id=10584 nodes=(10585, 10584) type=Wire properties={'index': 1}>","<Node id=10584 labels={'Primitive'} properties={'name': 'ast.Mult', 'order_att': 5, 'value': '', 'order_box': 0}>"
"<Node id=10543 labels={'Function'} properties={'name': 'seir_model_id0', 'order_att': 1, 'value': '', 'order_box': 0}>","<Relationship id=15656 start_node_id=10543 end_node_id=10585 nodes=(10543, 10585) type=Contains properties={}>","<Node id=10585 labels={'Primitive'} properties={'name': 'ast.Sub', 'order_att': 5, 'value': '', 'order_box': 0}>"
"<Node id=10574 labels={'Opo'} properties={'name': 'dEdt', 'order_att': 5, 'value': '', 'order_box': 0}>","<Relationship id=15723 start_node_id=10574 end_node_id=10585 nodes=(10574, 10585) type=Wire properties={}>","<Node id=10585 labels={'Primitive'} properties={'name': 'ast.Sub', 'order_att': 5, 'value': '', 'order_box': 0}>"
"<Node id=10543 labels={'Function'} properties={'name': 'seir_model_id0', 'order_att': 1, 'value': '', 'order_box': 0}>","<Relationship id=15658 start_node_id=10543 end_node_id=10586 nodes=(10543, 10586) type=Contains properties={'index': 6}>","<Node id=10586 labels={'Expression'} properties={'name': 'Expression60', 'order_att': 6, 'value': '', 'order_box': 0}>"
"<Node id=10586 labels={'Expression'} properties={'name': 'Expression60', 'order_att': 6, 'value': '', 'order_box': 0}>","<Relationship id=15748 start_node_id=10586 end_node_id=10587 nodes=(10586, 10587) type=Port_Of properties={}>","<Node id=10587 labels={'Opo'} properties={'name': 'dIdt', 'order_att': 6, 'value': '', 'order_box': 0}>"
"<Node id=10600 labels={'Abstract'} properties={'name': 'pack', 'order_att': 1, 'value': {'gromet_type': 'Abstract', 'value': '[]', 'value_type': 'List'}, 'order_box': 0}>","<Relationship id=15783 start_node_id=10600 end_node_id=10587 nodes=(10600, 10587) type=Wire properties={'index': 2}>","<Node id=10587 labels={'Opo'} properties={'name': 'dIdt', 'order_att': 6, 'value': '', 'order_box': 0}>"
"<Node id=10586 labels={'Expression'} properties={'name': 'Expression60', 'order_att': 6, 'value': '', 'order_box': 0}>","<Relationship id=15749 start_node_id=10586 end_node_id=10588 nodes=(10586, 10588) type=Port_Of properties={}>","<Node id=10588 labels={'Opi'} properties={'name': 'un-named', 'order_att': 6, 'value': '', 'order_box': 0}>"
"<Node id=10592 labels={'Primitive'} properties={'name': 'ast.Mult', 'order_att': 6, 'value': '', 'order_box': 0}>","<Relationship id=15759 start_node_id=10592 end_node_id=10588 nodes=(10592, 10588) type=Wire properties={'index': 0}>","<Node id=10588 labels={'Opi'} properties={'name': 'un-named', 'order_att': 6, 'value': '', 'order_box': 0}>"
"<Node id=10586 labels={'Expression'} properties={'name': 'Expression60', 'order_att': 6, 'value': '', 'order_box': 0}>","<Relationship id=15750 start_node_id=10586 end_node_id=10589 nodes=(10586, 10589) type=Port_Of properties={}>","<Node id=10589 labels={'Opi'} properties={'name': 'E', 'order_att': 6, 'value': '', 'order_box': 0}>"
"<Node id=10592 labels={'Primitive'} properties={'name': 'ast.Mult', 'order_att': 6, 'value': '', 'order_box': 0}>","<Relationship id=15760 start_node_id=10592 end_node_id=10589 nodes=(10592, 10589) type=Wire properties={'index': 1}>","<Node id=10589 labels={'Opi'} properties={'name': 'E', 'order_att': 6, 'value': '', 'order_box': 0}>"
"<Node id=10586 labels={'Expression'} properties={'name': 'Expression60', 'order_att': 6, 'value': '', 'order_box': 0}>","<Relationship id=15751 start_node_id=10586 end_node_id=10590 nodes=(10586, 10590) type=Port_Of properties={}>","<Node id=10590 labels={'Opi'} properties={'name': 'un-named', 'order_att': 6, 'value': '', 'order_box': 0}>"
"<Node id=10593 labels={'Primitive'} properties={'name': 'ast.Mult', 'order_att': 6, 'value': '', 'order_box': 0}>","<Relationship id=15762 start_node_id=10593 end_node_id=10590 nodes=(10593, 10590) type=Wire properties={'index': 0}>","<Node id=10590 labels={'Opi'} properties={'name': 'un-named', 'order_att': 6, 'value': '', 'order_box': 0}>"
"<Node id=10586 labels={'Expression'} properties={'name': 'Expression60', 'order_att': 6, 'value': '', 'order_box': 0}>","<Relationship id=15752 start_node_id=10586 end_node_id=10591 nodes=(10586, 10591) type=Port_Of properties={}>","<Node id=10591 labels={'Opi'} properties={'name': 'I', 'order_att': 6, 'value': '', 'order_box': 0}>"
"<Node id=10593 labels={'Primitive'} properties={'name': 'ast.Mult', 'order_att': 6, 'value': '', 'order_box': 0}>","<Relationship id=15763 start_node_id=10593 end_node_id=10591 nodes=(10593, 10591) type=Wire properties={'index': 1}>","<Node id=10591 labels={'Opi'} properties={'name': 'I', 'order_att': 6, 'value': '', 'order_box': 0}>"
"<Node id=10543 labels={'Function'} properties={'name': 'seir_model_id0', 'order_att': 1, 'value': '', 'order_box': 0}>","<Relationship id=15659 start_node_id=10543 end_node_id=10592 nodes=(10543, 10592) type=Contains properties={}>","<Node id=10592 labels={'Primitive'} properties={'name': 'ast.Mult', 'order_att': 6, 'value': '', 'order_box': 0}>"
"<Node id=10594 labels={'Primitive'} properties={'name': 'ast.Sub', 'order_att': 6, 'value': '', 'order_box': 0}>","<Relationship id=15767 start_node_id=10594 end_node_id=10592 nodes=(10594, 10592) type=Wire properties={'index': 0}>","<Node id=10592 labels={'Primitive'} properties={'name': 'ast.Mult', 'order_att': 6, 'value': '', 'order_box': 0}>"
"<Node id=10543 labels={'Function'} properties={'name': 'seir_model_id0', 'order_att': 1, 'value': '', 'order_box': 0}>","<Relationship id=15660 start_node_id=10543 end_node_id=10593 nodes=(10543, 10593) type=Contains properties={}>","<Node id=10593 labels={'Primitive'} properties={'name': 'ast.Mult', 'order_att': 6, 'value': '', 'order_box': 0}>"
"<Node id=10594 labels={'Primitive'} properties={'name': 'ast.Sub', 'order_att': 6, 'value': '', 'order_box': 0}>","<Relationship id=15768 start_node_id=10594 end_node_id=10593 nodes=(10594, 10593) type=Wire properties={'index': 1}>","<Node id=10593 labels={'Primitive'} properties={'name': 'ast.Mult', 'order_att': 6, 'value': '', 'order_box': 0}>"
"<Node id=10543 labels={'Function'} properties={'name': 'seir_model_id0', 'order_att': 1, 'value': '', 'order_box': 0}>","<Relationship id=15662 start_node_id=10543 end_node_id=10594 nodes=(10543, 10594) type=Contains properties={}>","<Node id=10594 labels={'Primitive'} properties={'name': 'ast.Sub', 'order_att': 6, 'value': '', 'order_box': 0}>"
"<Node id=10587 labels={'Opo'} properties={'name': 'dIdt', 'order_att': 6, 'value': '', 'order_box': 0}>","<Relationship id=15753 start_node_id=10587 end_node_id=10594 nodes=(10587, 10594) type=Wire properties={}>","<Node id=10594 labels={'Primitive'} properties={'name': 'ast.Sub', 'order_att': 6, 'value': '', 'order_box': 0}>"
"<Node id=10543 labels={'Function'} properties={'name': 'seir_model_id0', 'order_att': 1, 'value': '', 'order_box': 0}>","<Relationship id=15663 start_node_id=10543 end_node_id=10595 nodes=(10543, 10595) type=Contains properties={'index': 7}>","<Node id=10595 labels={'Expression'} properties={'name': 'Expression73', 'order_att': 7, 'value': '', 'order_box': 0}>"
"<Node id=10595 labels={'Expression'} properties={'name': 'Expression73', 'order_att': 7, 'value': '', 'order_box': 0}>","<Relationship id=15770 start_node_id=10595 end_node_id=10596 nodes=(10595, 10596) type=Port_Of properties={}>","<Node id=10596 labels={'Opo'} properties={'name': 'dRdt', 'order_att': 7, 'value': '', 'order_box': 0}>"
"<Node id=10600 labels={'Abstract'} properties={'name': 'pack', 'order_att': 1, 'value': {'gromet_type': 'Abstract', 'value': '[]', 'value_type': 'List'}, 'order_box': 0}>","<Relationship id=15784 start_node_id=10600 end_node_id=10596 nodes=(10600, 10596) type=Wire properties={'index': 3}>","<Node id=10596 labels={'Opo'} properties={'name': 'dRdt', 'order_att': 7, 'value': '', 'order_box': 0}>"
"<Node id=10595 labels={'Expression'} properties={'name': 'Expression73', 'order_att': 7, 'value': '', 'order_box': 0}>","<Relationship id=15771 start_node_id=10595 end_node_id=10597 nodes=(10595, 10597) type=Port_Of properties={}>","<Node id=10597 labels={'Opi'} properties={'name': 'un-named', 'order_att': 7, 'value': '', 'order_box': 0}>"
"<Node id=10599 labels={'Primitive'} properties={'name': 'ast.Mult', 'order_att': 7, 'value': '', 'order_box': 0}>","<Relationship id=15777 start_node_id=10599 end_node_id=10597 nodes=(10599, 10597) type=Wire properties={'index': 0}>","<Node id=10597 labels={'Opi'} properties={'name': 'un-named', 'order_att': 7, 'value': '', 'order_box': 0}>"
"<Node id=10595 labels={'Expression'} properties={'name': 'Expression73', 'order_att': 7, 'value': '', 'order_box': 0}>","<Relationship id=15772 start_node_id=10595 end_node_id=10598 nodes=(10595, 10598) type=Port_Of properties={}>","<Node id=10598 labels={'Opi'} properties={'name': 'I', 'order_att': 7, 'value': '', 'order_box': 0}>"
"<Node id=10599 labels={'Primitive'} properties={'name': 'ast.Mult', 'order_att': 7, 'value': '', 'order_box': 0}>","<Relationship id=15778 start_node_id=10599 end_node_id=10598 nodes=(10599, 10598) type=Wire properties={'index': 1}>","<Node id=10598 labels={'Opi'} properties={'name': 'I', 'order_att': 7, 'value': '', 'order_box': 0}>"
"<Node id=10543 labels={'Function'} properties={'name': 'seir_model_id0', 'order_att': 1, 'value': '', 'order_box': 0}>","<Relationship id=15664 start_node_id=10543 end_node_id=10599 nodes=(10543, 10599) type=Contains properties={}>","<Node id=10599 labels={'Primitive'} properties={'name': 'ast.Mult', 'order_att': 7, 'value': '', 'order_box': 0}>"
"<Node id=10596 labels={'Opo'} properties={'name': 'dRdt', 'order_att': 7, 'value': '', 'order_box': 0}>","<Relationship id=15773 start_node_id=10596 end_node_id=10599 nodes=(10596, 10599) type=Wire properties={}>","<Node id=10599 labels={'Primitive'} properties={'name': 'ast.Mult', 'order_att': 7, 'value': '', 'order_box': 0}>"
"<Node id=10543 labels={'Function'} properties={'name': 'seir_model_id0', 'order_att': 1, 'value': '', 'order_box': 0}>","<Relationship id=15665 start_node_id=10543 end_node_id=10600 nodes=(10543, 10600) type=Contains properties={}>","<Node id=10600 labels={'Abstract'} properties={'name': 'pack', 'order_att': 1, 'value': {'gromet_type': 'Abstract', 'value': '[]', 'value_type': 'List'}, 'order_box': 0}>"
"<Node id=10544 labels={'Opo'} properties={'name': 'un-named', 'order_att': 1, 'value': '', 'order_box': 0}>","<Relationship id=15668 start_node_id=10544 end_node_id=10600 nodes=(10544, 10600) type=Wire properties={}>","<Node id=10600 labels={'Abstract'} properties={'name': 'pack', 'order_att': 1, 'value': {'gromet_type': 'Abstract', 'value': '[]', 'value_type': 'List'}, 'order_box': 0}>"
"<Node id=10543 labels={'Function'} properties={'name': 'seir_model_id0', 'order_att': 1, 'value': '', 'order_box': 0}>","<Relationship id=15635 start_node_id=10543 end_node_id=10601 nodes=(10543, 10601) type=Metadata properties={}>","<Node id=10601 labels={'Metadata'} properties={'gromet_version': [''], 'source_language_version': [''], 'variable_definition': [''], 'files': [''], 'source_language': [''], 'global_reference_id': [''], 'data_type': [''], 'name': [''], 'line_end': [10], 'code_file_reference_uid': ['118663c4-f903-346c-8566-3b7d9cab08b5'], 'line_begin': [3], 'metadata_type': [''], 'text_extraction': [''], 'col_begin': [0], 'grounding': [''], 'variable_identifier': [''], 'provenance': ['Provenance { method: Some(""skema_code2fn_program_analysis""), timestamp: Some(""2024-02-01 21:12:15.411253"") }'], 'col_end': [33], 'value': [''], 'metadata_idx': 4}>"
"<Node id=10544 labels={'Opo'} properties={'name': 'un-named', 'order_att': 1, 'value': '', 'order_box': 0}>","<Relationship id=15666 start_node_id=10544 end_node_id=10602 nodes=(10544, 10602) type=Metadata properties={}>","<Node id=10602 labels={'Metadata'} properties={'gromet_version': [''], 'source_language_version': [''], 'variable_definition': [''], 'files': [''], 'source_language': [''], 'global_reference_id': [''], 'data_type': [''], 'name': [''], 'line_end': [10], 'code_file_reference_uid': ['118663c4-f903-346c-8566-3b7d9cab08b5'], 'line_begin': [10], 'metadata_type': [''], 'text_extraction': [''], 'col_begin': [4], 'grounding': [''], 'variable_identifier': [''], 'provenance': ['Provenance { method: Some(""skema_code2fn_program_analysis""), timestamp: Some(""2024-02-01 21:12:15.412852"") }'], 'col_end': [33], 'value': [''], 'metadata_idx': 35}>"
"<Node id=10545 labels={'Opi'} properties={'name': 't', 'order_att': 1, 'value': '', 'order_box': 0}>","<Relationship id=15684 start_node_id=10545 end_node_id=10603 nodes=(10545, 10603) type=Metadata properties={}>","<Node id=10603 labels={'Metadata'} properties={'gromet_version': [''], 'source_language_version': [''], 'variable_definition': [''], 'files': [''], 'source_language': [''], 'global_reference_id': [''], 'data_type': [''], 'name': [''], 'line_end': [3], 'code_file_reference_uid': ['118663c4-f903-346c-8566-3b7d9cab08b5'], 'line_begin': [3], 'metadata_type': [''], 'text_extraction': [''], 'col_begin': [15], 'grounding': [''], 'variable_identifier': [''], 'provenance': ['Provenance { method: Some(""skema_code2fn_program_analysis""), timestamp: Some(""2024-02-01 21:12:15.411282"") }'], 'col_end': [16], 'value': [''], 'metadata_idx': 5}>"
"<Node id=10546 labels={'Opi'} properties={'name': 'y', 'order_att': 1, 'value': '', 'order_box': 0}>","<Relationship id=15700 start_node_id=10546 end_node_id=10604 nodes=(10546, 10604) type=Metadata properties={}>","<Node id=10604 labels={'Metadata'} properties={'gromet_version': [''], 'source_language_version': [''], 'variable_definition': [''], 'files': [''], 'source_language': [''], 'global_reference_id': [''], 'data_type': [''], 'name': [''], 'line_end': [3], 'code_file_reference_uid': ['118663c4-f903-346c-8566-3b7d9cab08b5'], 'line_begin': [3], 'metadata_type': [''], 'text_extraction': [''], 'col_begin': [18], 'grounding': [''], 'variable_identifier': [''], 'provenance': ['Provenance { method: Some(""skema_code2fn_program_analysis""), timestamp: Some(""2024-02-01 21:12:15.411320"") }'], 'col_end': [19], 'value': [''], 'metadata_idx': 6}>"
"<Node id=10547 labels={'Opi'} properties={'name': 'beta', 'order_att': 1, 'value': '', 'order_box': 0}>","<Relationship id=15714 start_node_id=10547 end_node_id=10605 nodes=(10547, 10605) type=Metadata properties={}>","<Node id=10605 labels={'Metadata'} properties={'gromet_version': [''], 'source_language_version': [''], 'variable_definition': [''], 'files': [''], 'source_language': [''], 'global_reference_id': [''], 'data_type': [''], 'name': [''], 'line_end': [3], 'code_file_reference_uid': ['118663c4-f903-346c-8566-3b7d9cab08b5'], 'line_begin': [3], 'metadata_type': [''], 'text_extraction': [''], 'col_begin': [21], 'grounding': [''], 'variable_identifier': [''], 'provenance': ['Provenance { method: Some(""skema_code2fn_program_analysis""), timestamp: Some(""2024-02-01 21:12:15.411344"") }'], 'col_end': [25], 'value': [''], 'metadata_idx': 7}>"
"<Node id=10548 labels={'Opi'} properties={'name': 'sigma', 'order_att': 1, 'value': '', 'order_box': 0}>","<Relationship id=15733 start_node_id=10548 end_node_id=10606 nodes=(10548, 10606) type=Metadata properties={}>","<Node id=10606 labels={'Metadata'} properties={'gromet_version': [''], 'source_language_version': [''], 'variable_definition': [''], 'files': [''], 'source_language': [''], 'global_reference_id': [''], 'data_type': [''], 'name': [''], 'line_end': [3], 'code_file_reference_uid': ['118663c4-f903-346c-8566-3b7d9cab08b5'], 'line_begin': [3], 'metadata_type': [''], 'text_extraction': [''], 'col_begin': [27], 'grounding': [''], 'variable_identifier': [''], 'provenance': ['Provenance { method: Some(""skema_code2fn_program_analysis""), timestamp: Some(""2024-02-01 21:12:15.411366"") }'], 'col_end': [32], 'value': [''], 'metadata_idx': 8}>"
"<Node id=10549 labels={'Opi'} properties={'name': 'gamma', 'order_att': 1, 'value': '', 'order_box': 0}>","<Relationship id=15746 start_node_id=10549 end_node_id=10607 nodes=(10549, 10607) type=Metadata properties={}>","<Node id=10607 labels={'Metadata'} properties={'gromet_version': [''], 'source_language_version': [''], 'variable_definition': [''], 'files': [''], 'source_language': [''], 'global_reference_id': [''], 'data_type': [''], 'name': [''], 'line_end': [3], 'code_file_reference_uid': ['118663c4-f903-346c-8566-3b7d9cab08b5'], 'line_begin': [3], 'metadata_type': [''], 'text_extraction': [''], 'col_begin': [34], 'grounding': [''], 'variable_identifier': [''], 'provenance': ['Provenance { method: Some(""skema_code2fn_program_analysis""), timestamp: Some(""2024-02-01 21:12:15.411386"") }'], 'col_end': [39], 'value': [''], 'metadata_idx': 9}>"
"<Node id=10554 labels={'Expression'} properties={'name': 'Expression13', 'order_att': 3, 'value': '', 'order_box': 0}>","<Relationship id=15670 start_node_id=10554 end_node_id=10608 nodes=(10554, 10608) type=Metadata properties={}>","<Node id=10608 labels={'Metadata'} properties={'gromet_version': [''], 'source_language_version': [''], 'variable_definition': [''], 'files': [''], 'source_language': [''], 'global_reference_id': [''], 'data_type': [''], 'name': [''], 'line_end': [5], 'code_file_reference_uid': ['118663c4-f903-346c-8566-3b7d9cab08b5'], 'line_begin': [5], 'metadata_type': [''], 'text_extraction': [''], 'col_begin': [4], 'grounding': [''], 'variable_identifier': [''], 'provenance': ['Provenance { method: Some(""skema_code2fn_program_analysis""), timestamp: Some(""2024-02-01 21:12:15.411567"") }'], 'col_end': [21], 'value': [''], 'metadata_idx': 17}>"
"<Node id=10560 labels={'Primitive'} properties={'name': 'ast.Add', 'order_att': 3, 'value': '', 'order_box': 0}>","<Relationship id=15681 start_node_id=10560 end_node_id=10609 nodes=(10560, 10609) type=Metadata properties={}>","<Node id=10609 labels={'Metadata'} properties={'gromet_version': [''], 'source_language_version': [''], 'variable_definition': [''], 'files': [''], 'source_language': [''], 'global_reference_id': [''], 'data_type': [''], 'name': [''], 'line_end': [5], 'code_file_reference_uid': ['118663c4-f903-346c-8566-3b7d9cab08b5'], 'line_begin': [5], 'metadata_type': [''], 'text_extraction': [''], 'col_begin': [8], 'grounding': [''], 'variable_identifier': [''], 'provenance': ['Provenance { method: Some(""skema_code2fn_program_analysis""), timestamp: Some(""2024-02-01 21:12:15.411612"") }'], 'col_end': [13], 'value': [''], 'metadata_idx': 14}>"
"<Node id=10561 labels={'Primitive'} properties={'name': 'ast.Add', 'order_att': 3, 'value': '', 'order_box': 0}>","<Relationship id=15685 start_node_id=10561 end_node_id=10610 nodes=(10561, 10610) type=Metadata properties={}>","<Node id=10610 labels={'Metadata'} properties={'gromet_version': [''], 'source_language_version': [''], 'variable_definition': [''], 'files': [''], 'source_language': [''], 'global_reference_id': [''], 'data_type': [''], 'name': [''], 'line_end': [5], 'code_file_reference_uid': ['118663c4-f903-346c-8566-3b7d9cab08b5'], 'line_begin': [5], 'metadata_type': [''], 'text_extraction': [''], 'col_begin': [8], 'grounding': [''], 'variable_identifier': [''], 'provenance': ['Provenance { method: Some(""skema_code2fn_program_analysis""), timestamp: Some(""2024-02-01 21:12:15.411669"") }'], 'col_end': [17], 'value': [''], 'metadata_idx': 15}>"
"<Node id=10562 labels={'Primitive'} properties={'name': 'ast.Add', 'order_att': 3, 'value': '', 'order_box': 0}>","<Relationship id=15688 start_node_id=10562 end_node_id=10611 nodes=(10562, 10611) type=Metadata properties={}>","<Node id=10611 labels={'Metadata'} properties={'gromet_version': [''], 'source_language_version': [''], 'variable_definition': [''], 'files': [''], 'source_language': [''], 'global_reference_id': [''], 'data_type': [''], 'name': [''], 'line_end': [5], 'code_file_reference_uid': ['118663c4-f903-346c-8566-3b7d9cab08b5'], 'line_begin': [5], 'metadata_type': [''], 'text_extraction': [''], 'col_begin': [8], 'grounding': [''], 'variable_identifier': [''], 'provenance': ['Provenance { method: Some(""skema_code2fn_program_analysis""), timestamp: Some(""2024-02-01 21:12:15.411714"") }'], 'col_end': [21], 'value': [''], 'metadata_idx': 16}>"
"<Node id=10563 labels={'Expression'} properties={'name': 'Expression26', 'order_att': 4, 'value': '', 'order_box': 0}>","<Relationship id=15691 start_node_id=10563 end_node_id=10612 nodes=(10563, 10612) type=Metadata properties={}>","<Node id=10612 labels={'Metadata'} properties={'gromet_version': [''], 'source_language_version': [''], 'variable_definition': [''], 'files': [''], 'source_language': [''], 'global_reference_id': [''], 'data_type': [''], 'name': [''], 'line_end': [6], 'code_file_reference_uid': ['118663c4-f903-346c-8566-3b7d9cab08b5'], 'line_begin': [6], 'metadata_type': [''], 'text_extraction': [''], 'col_begin': [4], 'grounding': [''], 'variable_identifier': [''], 'provenance': ['Provenance { method: Some(""skema_code2fn_program_analysis""), timestamp: Some(""2024-02-01 21:12:15.411834"") }'], 'col_end': [28], 'value': [''], 'metadata_idx': 22}>"
"<Node id=10569 labels={'Primitive'} properties={'name': 'ast.USub', 'order_att': 4, 'value': '', 'order_box': 0}>","<Relationship id=15703 start_node_id=10569 end_node_id=10613 nodes=(10569, 10613) type=Metadata properties={}>","<Node id=10613 labels={'Metadata'} properties={'gromet_version': [''], 'source_language_version': [''], 'variable_definition': [''], 'files': [''], 'source_language': [''], 'global_reference_id': [''], 'data_type': [''], 'name': [''], 'line_end': [6], 'code_file_reference_uid': ['118663c4-f903-346c-8566-3b7d9cab08b5'], 'line_begin': [6], 'metadata_type': [''], 'text_extraction': [''], 'col_begin': [11], 'grounding': [''], 'variable_identifier': [''], 'provenance': ['Provenance { method: Some(""skema_code2fn_program_analysis""), timestamp: Some(""2024-02-01 21:12:15.411868"") }'], 'col_end': [16], 'value': [''], 'metadata_idx': 18}>"
"<Node id=10570 labels={'Primitive'} properties={'name': 'ast.Mult', 'order_att': 4, 'value': '', 'order_box': 0}>","<Relationship id=15705 start_node_id=10570 end_node_id=10614 nodes=(10570, 10614) type=Metadata properties={}>","<Node id=10614 labels={'Metadata'} properties={'gromet_version': [''], 'source_language_version': [''], 'variable_definition': [''], 'files': [''], 'source_language': [''], 'global_reference_id': [''], 'data_type': [''], 'name': [''], 'line_end': [6], 'code_file_reference_uid': ['118663c4-f903-346c-8566-3b7d9cab08b5'], 'line_begin': [6], 'metadata_type': [''], 'text_extraction': [''], 'col_begin': [11], 'grounding': [''], 'variable_identifier': [''], 'provenance': ['Provenance { method: Some(""skema_code2fn_program_analysis""), timestamp: Some(""2024-02-01 21:12:15.411908"") }'], 'col_end': [20], 'value': [''], 'metadata_idx': 19}>"
"<Node id=10571 labels={'Primitive'} properties={'name': 'ast.Mult', 'order_att': 4, 'value': '', 'order_box': 0}>","<Relationship id=15708 start_node_id=10571 end_node_id=10615 nodes=(10571, 10615) type=Metadata properties={}>","<Node id=10615 labels={'Metadata'} properties={'gromet_version': [''], 'source_language_version': [''], 'variable_definition': [''], 'files': [''], 'source_language': [''], 'global_reference_id': [''], 'data_type': [''], 'name': [''], 'line_end': [6], 'code_file_reference_uid': ['118663c4-f903-346c-8566-3b7d9cab08b5'], 'line_begin': [6], 'metadata_type': [''], 'text_extraction': [''], 'col_begin': [11], 'grounding': [''], 'variable_identifier': [''], 'provenance': ['Provenance { method: Some(""skema_code2fn_program_analysis""), timestamp: Some(""2024-02-01 21:12:15.411950"") }'], 'col_end': [24], 'value': [''], 'metadata_idx': 20}>"
"<Node id=10572 labels={'Primitive'} properties={'name': 'ast.Div', 'order_att': 4, 'value': '', 'order_box': 0}>","<Relationship id=15711 start_node_id=10572 end_node_id=10616 nodes=(10572, 10616) type=Metadata properties={}>","<Node id=10616 labels={'Metadata'} properties={'gromet_version': [''], 'source_language_version': [''], 'variable_definition': [''], 'files': [''], 'source_language': [''], 'global_reference_id': [''], 'data_type': [''], 'name': [''], 'line_end': [6], 'code_file_reference_uid': ['118663c4-f903-346c-8566-3b7d9cab08b5'], 'line_begin': [6], 'metadata_type': [''], 'text_extraction': [''], 'col_begin': [11], 'grounding': [''], 'variable_identifier': [''], 'provenance': ['Provenance { method: Some(""skema_code2fn_program_analysis""), timestamp: Some(""2024-02-01 21:12:15.411994"") }'], 'col_end': [28], 'value': [''], 'metadata_idx': 21}>"
"<Node id=10573 labels={'Expression'} properties={'name': 'Expression41', 'order_att': 5, 'value': '', 'order_box': 0}>","<Relationship id=15715 start_node_id=10573 end_node_id=10617 nodes=(10573, 10617) type=Metadata properties={}>","<Node id=10617 labels={'Metadata'} properties={'gromet_version': [''], 'source_language_version': [''], 'variable_definition': [''], 'files': [''], 'source_language': [''], 'global_reference_id': [''], 'data_type': [''], 'name': [''], 'line_end': [7], 'code_file_reference_uid': ['118663c4-f903-346c-8566-3b7d9cab08b5'], 'line_begin': [7], 'metadata_type': [''], 'text_extraction': [''], 'col_begin': [4], 'grounding': [''], 'variable_identifier': [''], 'provenance': ['Provenance { method: Some(""skema_code2fn_program_analysis""), timestamp: Some(""2024-02-01 21:12:15.412116"") }'], 'col_end': [39], 'value': [''], 'metadata_idx': 28}>"
"<Node id=10581 labels={'Primitive'} properties={'name': 'ast.Mult', 'order_att': 5, 'value': '', 'order_box': 0}>","<Relationship id=15730 start_node_id=10581 end_node_id=10618 nodes=(10581, 10618) type=Metadata properties={}>","<Node id=10618 labels={'Metadata'} properties={'gromet_version': [''], 'source_language_version': [''], 'variable_definition': [''], 'files': [''], 'source_language': [''], 'global_reference_id': [''], 'data_type': [''], 'name': [''], 'line_end': [7], 'code_file_reference_uid': ['118663c4-f903-346c-8566-3b7d9cab08b5'], 'line_begin': [7], 'metadata_type': [''], 'text_extraction': [''], 'col_begin': [11], 'grounding': [''], 'variable_identifier': [''], 'provenance': ['Provenance { method: Some(""skema_code2fn_program_analysis""), timestamp: Some(""2024-02-01 21:12:15.412156"") }'], 'col_end': [19], 'value': [''], 'metadata_idx': 23}>"
"<Node id=10582 labels={'Primitive'} properties={'name': 'ast.Mult', 'order_att': 5, 'value': '', 'order_box': 0}>","<Relationship id=15734 start_node_id=10582 end_node_id=10619 nodes=(10582, 10619) type=Metadata properties={}>","<Node id=10619 labels={'Metadata'} properties={'gromet_version': [''], 'source_language_version': [''], 'variable_definition': [''], 'files': [''], 'source_language': [''], 'global_reference_id': [''], 'data_type': [''], 'name': [''], 'line_end': [7], 'code_file_reference_uid': ['118663c4-f903-346c-8566-3b7d9cab08b5'], 'line_begin': [7], 'metadata_type': [''], 'text_extraction': [''], 'col_begin': [11], 'grounding': [''], 'variable_identifier': [''], 'provenance': ['Provenance { method: Some(""skema_code2fn_program_analysis""), timestamp: Some(""2024-02-01 21:12:15.412214"") }'], 'col_end': [23], 'value': [''], 'metadata_idx': 24}>"
"<Node id=10583 labels={'Primitive'} properties={'name': 'ast.Div', 'order_att': 5, 'value': '', 'order_box': 0}>","<Relationship id=15737 start_node_id=10583 end_node_id=10620 nodes=(10583, 10620) type=Metadata properties={}>","<Node id=10620 labels={'Metadata'} properties={'gromet_version': [''], 'source_language_version': [''], 'variable_definition': [''], 'files': [''], 'source_language': [''], 'global_reference_id': [''], 'data_type': [''], 'name': [''], 'line_end': [7], 'code_file_reference_uid': ['118663c4-f903-346c-8566-3b7d9cab08b5'], 'line_begin': [7], 'metadata_type': [''], 'text_extraction': [''], 'col_begin': [11], 'grounding': [''], 'variable_identifier': [''], 'provenance': ['Provenance { method: Some(""skema_code2fn_program_analysis""), timestamp: Some(""2024-02-01 21:12:15.412258"") }'], 'col_end': [27], 'value': [''], 'metadata_idx': 25}>"
"<Node id=10584 labels={'Primitive'} properties={'name': 'ast.Mult', 'order_att': 5, 'value': '', 'order_box': 0}>","<Relationship id=15740 start_node_id=10584 end_node_id=10621 nodes=(10584, 10621) type=Metadata properties={}>","<Node id=10621 labels={'Metadata'} properties={'gromet_version': [''], 'source_language_version': [''], 'variable_definition': [''], 'files': [''], 'source_language': [''], 'global_reference_id': [''], 'data_type': [''], 'name': [''], 'line_end': [7], 'code_file_reference_uid': ['118663c4-f903-346c-8566-3b7d9cab08b5'], 'line_begin': [7], 'metadata_type': [''], 'text_extraction': [''], 'col_begin': [30], 'grounding': [''], 'variable_identifier': [''], 'provenance': ['Provenance { method: Some(""skema_code2fn_program_analysis""), timestamp: Some(""2024-02-01 21:12:15.412309"") }'], 'col_end': [39], 'value': [''], 'metadata_idx': 26}>"
"<Node id=10585 labels={'Primitive'} properties={'name': 'ast.Sub', 'order_att': 5, 'value': '', 'order_box': 0}>","<Relationship id=15743 start_node_id=10585 end_node_id=10622 nodes=(10585, 10622) type=Metadata properties={}>","<Node id=10622 labels={'Metadata'} properties={'gromet_version': [''], 'source_language_version': [''], 'variable_definition': [''], 'files': [''], 'source_language': [''], 'global_reference_id': [''], 'data_type': [''], 'name': [''], 'line_end': [7], 'code_file_reference_uid': ['118663c4-f903-346c-8566-3b7d9cab08b5'], 'line_begin': [7], 'metadata_type': [''], 'text_extraction': [''], 'col_begin': [11], 'grounding': [''], 'variable_identifier': [''], 'provenance': ['Provenance { method: Some(""skema_code2fn_program_analysis""), timestamp: Some(""2024-02-01 21:12:15.412356"") }'], 'col_end': [39], 'value': [''], 'metadata_idx': 27}>"
"<Node id=10586 labels={'Expression'} properties={'name': 'Expression60', 'order_att': 6, 'value': '', 'order_box': 0}>","<Relationship id=15747 start_node_id=10586 end_node_id=10623 nodes=(10586, 10623) type=Metadata properties={}>","<Node id=10623 labels={'Metadata'} properties={'gromet_version': [''], 'source_language_version': [''], 'variable_definition': [''], 'files': [''], 'source_language': [''], 'global_reference_id': [''], 'data_type': [''], 'name': [''], 'line_end': [8], 'code_file_reference_uid': ['118663c4-f903-346c-8566-3b7d9cab08b5'], 'line_begin': [8], 'metadata_type': [''], 'text_extraction': [''], 'col_begin': [4], 'grounding': [''], 'variable_identifier': [''], 'provenance': ['Provenance { method: Some(""skema_code2fn_program_analysis""), timestamp: Some(""2024-02-01 21:12:15.412459"") }'], 'col_end': [32], 'value': [''], 'metadata_idx': 32}>"
"<Node id=10592 labels={'Primitive'} properties={'name': 'ast.Mult', 'order_att': 6, 'value': '', 'order_box': 0}>","<Relationship id=15758 start_node_id=10592 end_node_id=10624 nodes=(10592, 10624) type=Metadata properties={}>","<Node id=10624 labels={'Metadata'} properties={'gromet_version': [''], 'source_language_version': [''], 'variable_definition': [''], 'files': [''], 'source_language': [''], 'global_reference_id': [''], 'data_type': [''], 'name': [''], 'line_end': [8], 'code_file_reference_uid': ['118663c4-f903-346c-8566-3b7d9cab08b5'], 'line_begin': [8], 'metadata_type': [''], 'text_extraction': [''], 'col_begin': [11], 'grounding': [''], 'variable_identifier': [''], 'provenance': ['Provenance { method: Some(""skema_code2fn_program_analysis""), timestamp: Some(""2024-02-01 21:12:15.412493"") }'], 'col_end': [20], 'value': [''], 'metadata_idx': 29}>"
"<Node id=10593 labels={'Primitive'} properties={'name': 'ast.Mult', 'order_att': 6, 'value': '', 'order_box': 0}>","<Relationship id=15761 start_node_id=10593 end_node_id=10625 nodes=(10593, 10625) type=Metadata properties={}>","<Node id=10625 labels={'Metadata'} properties={'gromet_version': [''], 'source_language_version': [''], 'variable_definition': [''], 'files': [''], 'source_language': [''], 'global_reference_id': [''], 'data_type': [''], 'name': [''], 'line_end': [8], 'code_file_reference_uid': ['118663c4-f903-346c-8566-3b7d9cab08b5'], 'line_begin': [8], 'metadata_type': [''], 'text_extraction': [''], 'col_begin': [23], 'grounding': [''], 'variable_identifier': [''], 'provenance': ['Provenance { method: Some(""skema_code2fn_program_analysis""), timestamp: Some(""2024-02-01 21:12:15.412550"") }'], 'col_end': [32], 'value': [''], 'metadata_idx': 30}>"
"<Node id=10594 labels={'Primitive'} properties={'name': 'ast.Sub', 'order_att': 6, 'value': '', 'order_box': 0}>","<Relationship id=15766 start_node_id=10594 end_node_id=10626 nodes=(10594, 10626) type=Metadata properties={}>","<Node id=10626 labels={'Metadata'} properties={'gromet_version': [''], 'source_language_version': [''], 'variable_definition': [''], 'files': [''], 'source_language': [''], 'global_reference_id': [''], 'data_type': [''], 'name': [''], 'line_end': [8], 'code_file_reference_uid': ['118663c4-f903-346c-8566-3b7d9cab08b5'], 'line_begin': [8], 'metadata_type': [''], 'text_extraction': [''], 'col_begin': [11], 'grounding': [''], 'variable_identifier': [''], 'provenance': ['Provenance { method: Some(""skema_code2fn_program_analysis""), timestamp: Some(""2024-02-01 21:12:15.412595"") }'], 'col_end': [32], 'value': [''], 'metadata_idx': 31}>"
"<Node id=10595 labels={'Expression'} properties={'name': 'Expression73', 'order_att': 7, 'value': '', 'order_box': 0}>","<Relationship id=15769 start_node_id=10595 end_node_id=10627 nodes=(10595, 10627) type=Metadata properties={}>","<Node id=10627 labels={'Metadata'} properties={'gromet_version': [''], 'source_language_version': [''], 'variable_definition': [''], 'files': [''], 'source_language': [''], 'global_reference_id': [''], 'data_type': [''], 'name': [''], 'line_end': [9], 'code_file_reference_uid': ['118663c4-f903-346c-8566-3b7d9cab08b5'], 'line_begin': [9], 'metadata_type': [''], 'text_extraction': [''], 'col_begin': [4], 'grounding': [''], 'variable_identifier': [''], 'provenance': ['Provenance { method: Some(""skema_code2fn_program_analysis""), timestamp: Some(""2024-02-01 21:12:15.412683"") }'], 'col_end': [20], 'value': [''], 'metadata_idx': 34}>"
"<Node id=10599 labels={'Primitive'} properties={'name': 'ast.Mult', 'order_att': 7, 'value': '', 'order_box': 0}>","<Relationship id=15776 start_node_id=10599 end_node_id=10628 nodes=(10599, 10628) type=Metadata properties={}>","<Node id=10628 labels={'Metadata'} properties={'gromet_version': [''], 'source_language_version': [''], 'variable_definition': [''], 'files': [''], 'source_language': [''], 'global_reference_id': [''], 'data_type': [''], 'name': [''], 'line_end': [9], 'code_file_reference_uid': ['118663c4-f903-346c-8566-3b7d9cab08b5'], 'line_begin': [9], 'metadata_type': [''], 'text_extraction': [''], 'col_begin': [11], 'grounding': [''], 'variable_identifier': [''], 'provenance': ['Provenance { method: Some(""skema_code2fn_program_analysis""), timestamp: Some(""2024-02-01 21:12:15.412712"") }'], 'col_end': [20], 'value': [''], 'metadata_idx': 33}>"
"<Node id=10600 labels={'Abstract'} properties={'name': 'pack', 'order_att': 1, 'value': {'gromet_type': 'Abstract', 'value': '[]', 'value_type': 'List'}, 'order_box': 0}>","<Relationship id=15780 start_node_id=10600 end_node_id=10629 nodes=(10600, 10629) type=Metadata properties={}>","<Node id=10629 labels={'Metadata'} properties={'gromet_version': [''], 'source_language_version': [''], 'variable_definition': [''], 'files': [''], 'source_language': [''], 'global_reference_id': [''], 'data_type': [''], 'name': [''], 'line_end': [10], 'code_file_reference_uid': ['118663c4-f903-346c-8566-3b7d9cab08b5'], 'line_begin': [10], 'metadata_type': [''], 'text_extraction': [''], 'col_begin': [11], 'grounding': [''], 'variable_identifier': [''], 'provenance': ['Provenance { method: Some(""skema_code2fn_program_analysis""), timestamp: Some(""2024-02-01 21:12:15.412869"") }'], 'col_end': [33], 'value': [''], 'metadata_idx': 36}>"
